sample_id,project_id,sample_name,organism,subject_or_donor,condition,source_accession,notes
1,1,N61311_untreated,Homo sapiens (airway smooth muscle cells),N61311,untreated,SRR1039508,
2,1,N61311_dex,Homo sapiens (airway smooth muscle cells),N61311,dex,SRR1039509,
3,1,N052611_untreated,Homo sapiens (airway smooth muscle cells),N052611,untreated,SRR1039512,
4,1,N052611_dex,Homo sapiens (airway smooth muscle cells),N052611,dex,SRR1039513,
5,1,N080611_untreated,Homo sapiens (airway smooth muscle cells),N080611,untreated,SRR1039516,
6,1,N080611_dex,Homo sapiens (airway smooth muscle cells),N080611,dex,SRR1039517,
7,1,N061011_untreated,Homo sapiens (airway smooth muscle cells),N061011,untreated,SRR1039520,
8,1,N061011_dex,Homo sapiens (airway smooth muscle cells),N061011,dex,SRR1039521,
9,2,sample1,"Homo sapiens (simulated reads, chr21 only)",,,"nf-core/test-datasets, sarek3 branch","Simulated CI test reads, not a real sequencing run; see repo README for the Ti/Tv and dbSNP concordance caveat."
10,3,breast_cancer_wisconsin_dataset,Homo sapiens (fine needle aspirate biopsies),,"malignant/benign (569 records, 37.3%/62.7%)",sklearn.datasets.load_breast_cancer,"Tutorial dataset of anonymized records, not individually tracked samples; one summary row, not 569."
